{
  "first": {"title": "First cat!", "description": "the journey begins...", "is_hidden": false, "category": "Cat Hunt"},
  "second": {"title": "Pro Catcher", "description": "get 100 cats", "is_hidden": false, "category": "Cat Hunt"},
  "third": {"title": "Overpopulated", "description": "get 1000 cats", "is_hidden": false, "category": "Cat Hunt"},
  "fourth": {"title": "And they don't stop coming", "description": "get 10000 cats", "is_hidden": false, "category": "Cat Hunt"},
  "donator": {"title": "Gifter", "description": "gift your cats to someone", "is_hidden": false, "category": "Cat Hunt"},
  "anti_donator": {"title": "Anti-Gifter", "description": "get gifted to", "is_hidden": false, "category": "Cat Hunt"},
  "extrovert": {"title": "Extrovert", "description": "finish a trade with someone", "is_hidden": false, "category": "Cat Hunt"},
  "fast_catcher": {"title": "Fast Catcher", "description": "catch a cat in under 5 seconds", "is_hidden": false, "category": "Cat Hunt"},
  "slow_catcher": {"title": "Slow Catcher", "description": "catch a cat in over a hour", "is_hidden": false, "category": "Cat Hunt"},
  "collecter": {"title": "Collecter", "description": "get all cat types", "is_hidden": false, "category": "Cat Hunt"},
  "trolled": {"title": "Trolled", "description": "TROLLED SO HARD LMAOOO :joy:", "is_hidden": false, "category": "Cat Hunt"},
  "achiever": {"title": "Achiever", "description": "get 15 achievements", "is_hidden": false, "category": "Cat Hunt"},
  "leader": {"title": "Leader", "description": "reach top 5 in any leaderboard", "is_hidden": false, "category": "Cat Hunt"},
  "dark_market": {"title": "Shady Corner", "description": "follow the shadow", "is_hidden": true, "category": "Cat Hunt"},
  "news": {"title": "That's quite new", "description": "read the news", "is_hidden": false, "category": "Cat Hunt"},
  "boosted": {"title": "Boosted", "description": "get boosted by a prism", "is_hidden": false, "category": "Cat Hunt"},

  "randomizer": {"title": "Randomizer", "description": "look at a random cat", "is_hidden": false, "category": "Commands"},
  "daily": {"title": "Daily Catter", "description": "get daily cats", "is_hidden": false, "category": "Commands"},
  "car": {"title": "Car", "description": ":red_car::red_car:", "is_hidden": false, "category": "Commands"},
  "4k": {"title": "Cought in 4k", "description": "catch someone in 4k", "is_hidden": false, "category": "Commands"},
  "coffee": {"title": "Brew Coffee", "description": "nevermind im a teapot", "is_hidden": true, "category": "Commands"},
  "reminder": {"title": "Reminder", "description": "set a reminder", "is_hidden": false, "category": "Commands"},
  "balling": {"title": "Balling", "description": "ball ball ball ball ball ball ball ball", "is_hidden": false, "category": "Commands"},
  "slots": {"title": "More gambling??", "description": "spin the /slots machine", "is_hidden": false, "category": "Commands"},
  "win_slots": {"title": "Pro Gambler", "description": "win at the /slots machine", "is_hidden": false, "category": "Commands"},
  "define": {"title": "Definer", "description": "find out a definition of a word", "is_hidden": false, "category": "Commands"},

  "pineapple": {"title": "Pineapple", "description": "you said \"pineapple\". i have no idea why", "is_hidden": false, "category": "Random"},
  "dm": {"title": "DM", "description": "dm cat", "is_hidden": true, "category": "Random"},
  "who_ping": {"title": "Who Ping", "description": "ping cat bot", "is_hidden": true, "category": "Random"},
  "introvert": {"title": "Introvert", "description": "trade with yourself", "is_hidden": false, "category": "Random"},
  "pleasedonotthecat": {"title": "Please do not the cat", "description": "reject cat", "is_hidden": true, "category": "Random"},
  "pleasedothecat": {"title": "Please do the cat", "description": "accept cat", "is_hidden": true, "category": "Random"},
  "worship": {"title": "Cat Worshipper", "description": "have both :place_of_worship: and <:staring_cat:966697804611321908> in your message", "is_hidden": false, "category": "Random"},
  "test_ach": {"title": "Test Achievement", "description": "testing testing 1 2 3", "is_hidden": false, "category": "Random"},
  "curious": {"title": "Curious", "description": "try to click a private button", "is_hidden": false, "category": "Random"},
  "???": {"title": "???", "description": "cat???", "is_hidden": false, "category": "Random"},
  "not_quite": {"title": "Not Quite", "description": "wrong animal", "is_hidden": false, "category": "Random"},
  "website_user": {"title": "Website User", "description": "catbot.minkos.lol", "is_hidden": false, "category": "Random"},
  "sussy": {"title": "Sussy", "description": "call out sus cat for being sussy", "is_hidden": false, "category": "Random"},
  "egril": {"title": "Electronic Grill", "description": "love some eGrills", "is_hidden": false, "category": "Random"},
  "bwomp": {"title": "Bwomp", "description": "bwomp is a funny sound they use on tiktok", "is_hidden": false, "category": "Random"},

  "silly": {"title": "Silly", "description": "triple-react!", "is_hidden": false, "category": "Silly"},
  "nice": {"title": "Nice!", "description": "gift 69 nice cats", "is_hidden": false, "category": "Silly"},
  "click_here": {"title": "Click Here", "description": "[???](https://catbot.minkos.lol/clickhere)", "is_hidden": false, "category": "Silly"},
  "patient_reader": {"title": "Patient Reader", "description": "find this ach in /help command", "is_hidden": true, "category": "Silly"},
  "nerd": {"title": "Nerd", "description": "find this ach in cat bot terms of service", "is_hidden": true, "category": "Silly"},
  "loud_cat": {"title": "LOUD CAT", "description": "CATCH A CAT IN CAPS", "is_hidden": true, "category": "Silly"},
  "reverse": {"title": "Reverse", "description": "say tac when a cat appears", "is_hidden": true, "category": "Silly"},
  "desperate": {"title": "Desperate", "description": "accept the trade with cat bot", "is_hidden": true, "category": "Silly"},
  "lonely": {"title": "Lonely", "description": "gift to yourself", "is_hidden": true, "category": "Silly"},
  "8k": {"title": "Cought in 8k", "description": "catchception!", "is_hidden": false, "category": "Silly"},
  "scammed": {"title": "Scammed", "description": "get less value in a trade", "is_hidden": true, "category": "Silly"},
  "absolutely_nothing": {"title": "Absolutely Nothing", "description": "why did you do this?", "is_hidden": false, "category": "Silly"},
  "sacrifice": {"title": "Sacrifice", "description": "gift to cat bot", "is_hidden": false, "category": "Silly"},
  "not_like_that": {"title": "Not like that...", "description": "catch the catch the wrong way", "is_hidden": false, "category": "Silly"},
  "gambling_one": {"title": "LETS GO GAMBLING", "description": "gamble 10 times", "is_hidden": false, "category": "Silly"},
  "broke": {"title": "Broke", "description": "go broke playing casino", "is_hidden": true, "category": "Silly"},
  "secret": {"title": "Tax Fraud", "description": "evade paying your cat taxes", "is_hidden": true, "category": "Silly"},
  "good_citizen": {"title": "Good Citizen", "description": "pay your taxes", "is_hidden": false, "category": "Silly"},
  "perfectly_balanced": {"title": "Perfectly Balanced", "description": "as all things should be", "is_hidden": false, "category": "Silly"},
  "fact_enjoyer": {"title": "Fact Enjoyer", "description": "wow such good facts thanks cat bot", "is_hidden": false, "category": "Silly"},
  "morse_cat": {"title": "Morse Cat", "description": ".. / .-- --- .-. ... .... .. .--. / -.-. .- -", "is_hidden": false, "category": "Silly"},
  "multilingual": {"title": "Multilingual", "description": "cat in french is \"chat\"", "is_hidden": true, "category": "Silly"},
  "ttt_win": {"title": "Pro Tic-Tac-Toer", "description": "win a game of tic tac toe", "is_hidden": false, "category": "Silly"},

  "lucky": {"title": "Lucky", "description": "0.1% chance you get it each time you catch a cat", "is_hidden": true, "category": "Hard"},
  "gambling_two": {"title": "GOD DANGIT", "description": "gamble 50 times", "is_hidden": true, "category": "Hard"},
  "nerd_battle": {"title": "Battle of the Wits", "description": "run /fact when a professor spawns", "is_hidden": false, "category": "Hard"},
  "its_not_working": {"title": "It's not working", "description": "click private button 50 times", "is_hidden": false, "category": "Hard"},
  "rich": {"title": "R I C H", "description": "gift 5 ultimates to cat bot", "is_hidden": false, "category": "Hard"},
  "pie": {"title": "Pie Catcher", "description": "catch a cat in exactly pi", "is_hidden": false, "category": "Hard"},
  "perfection": {"title": "Purrfection", "description": "dot zero zero", "is_hidden": false, "category": "Hard"},
  "all_the_same": {"title": "All The Same", "description": "get all digits repeating in the time", "is_hidden": false, "category": "Hard"},
  "paradoxical_gambler": {"title": "Paradoxical Gambler", "description": "gamble so hard you create a paradox", "is_hidden": false, "category": "Hard"},
  "darkest_market": {"title": "Hyper Hidden", "description": "20x more hidden", "is_hidden": false, "category": "Hard"},
  "capitalism": {"title": "Capitalism", "description": "trade over 1k cats", "is_hidden": false, "category": "Hard"},
  "profit": {"title": "Profit", "description": "get 100+ more value in a trade", "is_hidden": true, "category": "Hard"},
  "prism": {"title": "Oooh Shiny", "description": "get a prism", "is_hidden": false, "category": "Hard"},
  "big_win_slots": {"title": "Hyper Lucky", "description": "get 777 at the /slots machine", "is_hidden": false, "category": "Hard"},
  "debt": {"title": "Debt Recovery", "description": "gamble away your debts", "is_hidden": false, "category": "Hard"},

  "catn": {"title": "Cat'n", "description": "no cat??? :megamind:", "is_hidden": true, "category": "Hidden"},
  "coupon_user": {"title": "Coupon User", "description": "use a coupon for a 10% discount on all cats!!!", "is_hidden": true, "category": "Hidden"},
  "dataminer": {"title": "Dataminer", "description": "say `cat!n4lltvuCOKe2iuDCmc6JsU7Jmg4vmFBj8G8l5xvoDHmCoIJMcxkeXZObR6HbIV6`", "is_hidden": true, "category": "Hidden"},
  "blackhole": {"title": "Blackhole", "description": "WHERE THE FU ARE WE", "is_hidden": true, "category": "Hidden"},
  "cat_rain": {"title": "It's Raining Cats", "description": "participate in a cat rain", "is_hidden": true, "category": "Hidden"},

  "thanksforplaying": {"title": "Thanks For Playing", "description": "Complete the story", "is_hidden": false, "category": "Cat Hunt"}
}
