{
  "seasons": {
    "1": [
      {"xp": 550, "reward": "Rare", "amount": 5},
      {"xp": 550, "reward": "Sus", "amount": 2},
      {"xp": 550, "reward": "Rare", "amount": 5},
      {"xp": 600, "reward": "Nice", "amount": 10},
      {"xp": 600, "reward": "Sus", "amount": 10},

      {"xp": 600, "reward": "Nice", "amount": 10},
      {"xp": 650, "reward": "Sus", "amount": 3},
      {"xp": 650, "reward": "Legendary", "amount": 1},
      {"xp": 650, "reward": "Epic", "amount": 5},
      {"xp": 700, "reward": "Legendary", "amount": 2},

      {"xp": 700, "reward": "Epic", "amount": 5},
      {"xp": 700, "reward": "Rare", "amount": 10},
      {"xp": 750, "reward": "Epic", "amount": 5},
      {"xp": 750, "reward": "Rare", "amount": 10},
      {"xp": 750, "reward": "Mythic", "amount": 2},

      {"xp": 800, "reward": "Epic", "amount": 5},
      {"xp": 800, "reward": "Rare", "amount": 10},
      {"xp": 800, "reward": "Nice", "amount": 20},
      {"xp": 850, "reward": "Sus", "amount": 5},
      {"xp": 850, "reward": "Professor", "amount": 1},

      {"xp": 850, "reward": "Epic", "amount": 5},
      {"xp": 900, "reward": "Legendary", "amount": 1},
      {"xp": 900, "reward": "Rare", "amount": 10},
      {"xp": 900, "reward": "Epic", "amount": 5},
      {"xp": 950, "reward": "Ultimate", "amount": 1},

      {"xp": 950, "reward": "Nice", "amount": 20},
      {"xp": 950, "reward": "Rare", "amount": 10},
      {"xp": 1000, "reward": "Epic", "amount": 5},
      {"xp": 1000, "reward": "Nice", "amount": 25},
      {"xp": 1000, "reward": "Rain", "amount": 2}
    ],
    "2": [
      {"xp": 550, "reward": "Wild", "amount": 4},
      {"xp": 550, "reward": "Rickroll", "amount": 2},
      {"xp": 550, "reward": "Sus", "amount": 3},
      {"xp": 600, "reward": "Baby", "amount": 4},
      {"xp": 600, "reward": "Sus", "amount": 6},

      {"xp": 600, "reward": "Rickroll", "amount": 2},
      {"xp": 650, "reward": "Wild", "amount": 5},
      {"xp": 650, "reward": "Sus", "amount": 3},
      {"xp": 650, "reward": "Rickroll", "amount": 2},
      {"xp": 700, "reward": "Baby", "amount": 8},

      {"xp": 700, "reward": "Rickroll", "amount": 2},
      {"xp": 700, "reward": "Wild", "amount": 5},
      {"xp": 750, "reward": "Baby", "amount": 4},
      {"xp": 750, "reward": "Sus", "amount": 3},
      {"xp": 750, "reward": "Superior", "amount": 4},

      {"xp": 800, "reward": "Rickroll", "amount": 2},
      {"xp": 800, "reward": "Baby", "amount": 4},
      {"xp": 800, "reward": "Wild", "amount": 5},
      {"xp": 850, "reward": "Rickroll", "amount": 2},
      {"xp": 850, "reward": "Rickroll", "amount": 15},

      {"xp": 850, "reward": "Wild", "amount": 5},
      {"xp": 900, "reward": "Baby", "amount": 5},
      {"xp": 900, "reward": "Reverse", "amount": 2},
      {"xp": 900, "reward": "Wild", "amount": 6},
      {"xp": 950, "reward": "eGirl", "amount": 1},

      {"xp": 950, "reward": "Rickroll", "amount": 3},
      {"xp": 950, "reward": "Legendary", "amount": 1},
      {"xp": 1000, "reward": "Reverse", "amount": 3},
      {"xp": 1000, "reward": "Legendary", "amount": 1},
      {"xp": 1000, "reward": "Rain", "amount": 2}
    ],
    "3": [
      {"xp": 550, "reward": "Wooden", "amount": 1},
      {"xp": 550, "reward": "Wooden", "amount": 1},
      {"xp": 550, "reward": "Wooden", "amount": 1},
      {"xp": 600, "reward": "Wooden", "amount": 1},
      {"xp": 600, "reward": "Gold", "amount": 1},

      {"xp": 600, "reward": "Stone", "amount": 1},
      {"xp": 650, "reward": "Stone", "amount": 1},
      {"xp": 650, "reward": "Stone", "amount": 1},
      {"xp": 650, "reward": "Stone", "amount": 1},
      {"xp": 700, "reward": "Gold", "amount": 1},

      {"xp": 700, "reward": "Stone", "amount": 1},
      {"xp": 700, "reward": "Stone", "amount": 1},
      {"xp": 750, "reward": "Stone", "amount": 1},
      {"xp": 750, "reward": "Stone", "amount": 1},
      {"xp": 750, "reward": "Gold", "amount": 1},

      {"xp": 800, "reward": "Bronze", "amount": 1},
      {"xp": 800, "reward": "Bronze", "amount": 1},
      {"xp": 800, "reward": "Bronze", "amount": 1},
      {"xp": 850, "reward": "Bronze", "amount": 1},
      {"xp": 850, "reward": "Gold", "amount": 1},

      {"xp": 850, "reward": "Bronze", "amount": 1},
      {"xp": 900, "reward": "Bronze", "amount": 1},
      {"xp": 900, "reward": "Bronze", "amount": 1},
      {"xp": 900, "reward": "Bronze", "amount": 1},
      {"xp": 950, "reward": "Gold", "amount": 1},

      {"xp": 950, "reward": "Silver", "amount": 1},
      {"xp": 950, "reward": "Silver", "amount": 1},
      {"xp": 1000, "reward": "Silver", "amount": 1},
      {"xp": 1000, "reward": "Silver", "amount": 1},
      {"xp": 1000, "reward": "Rain", "amount": 2}
    ],
    "4": [
      {"xp": 550, "reward": "Wooden", "amount": 1},
      {"xp": 550, "reward": "Wooden", "amount": 1},
      {"xp": 550, "reward": "Wooden", "amount": 1},
      {"xp": 600, "reward": "Wooden", "amount": 1},
      {"xp": 600, "reward": "Gold", "amount": 1},

      {"xp": 600, "reward": "Stone", "amount": 1},
      {"xp": 650, "reward": "Stone", "amount": 1},
      {"xp": 650, "reward": "Stone", "amount": 1},
      {"xp": 650, "reward": "Stone", "amount": 1},
      {"xp": 700, "reward": "Gold", "amount": 1},

      {"xp": 700, "reward": "Stone", "amount": 1},
      {"xp": 700, "reward": "Stone", "amount": 1},
      {"xp": 750, "reward": "Stone", "amount": 1},
      {"xp": 750, "reward": "Stone", "amount": 1},
      {"xp": 750, "reward": "Gold", "amount": 1},

      {"xp": 800, "reward": "Stone", "amount": 1},
      {"xp": 800, "reward": "Stone", "amount": 1},
      {"xp": 800, "reward": "Stone", "amount": 1},
      {"xp": 850, "reward": "Stone", "amount": 1},
      {"xp": 850, "reward": "Gold", "amount": 1},

      {"xp": 850, "reward": "Bronze", "amount": 1},
      {"xp": 900, "reward": "Bronze", "amount": 1},
      {"xp": 900, "reward": "Bronze", "amount": 1},
      {"xp": 900, "reward": "Bronze", "amount": 1},
      {"xp": 950, "reward": "Platinum", "amount": 1},

      {"xp": 950, "reward": "Bronze", "amount": 1},
      {"xp": 950, "reward": "Bronze", "amount": 1},
      {"xp": 1000, "reward": "Bronze", "amount": 1},
      {"xp": 1000, "reward": "Bronze", "amount": 1},
      {"xp": 1000, "reward": "Rain", "amount": 2}
    ]
  },
  "quests": {
    "vote": {
      "vote": {"emoji": "topgg", "title": "[Vote on Top.gg](https://top.gg/bot/966695034340663367/vote)", "xp_min": 250, "xp_max": 350, "progress": 1}
    },
    "catch": {
      "2fine": {"emoji": "finecat", "title": "Catch 2 Fine cats", "xp_min": 330, "xp_max": 370, "progress": 2},
      "under10": {"emoji": "⏱️", "title": "Catch in under 10 sec", "xp_min": 250, "xp_max": 290, "progress": 1},
      "good": {"emoji": "goodcat", "title": "Catch a Good cat", "xp_min": 300, "xp_max": 340, "progress": 1},
      "3cats": {"emoji": "nicecat", "title": "Catch 3 cats", "xp_min": 260, "xp_max": 320, "progress": 3},
      "rare+": {"emoji": "rarecat", "title": "Catch a Rare or better cat", "xp_min": 250, "xp_max": 290, "progress": 1},
      "odd": {"emoji": "🤔", "title": "Catch on an odd second", "xp_min": 230, "xp_max": 290, "progress": 1},
      "even": {"emoji": "🤔", "title": "Catch on an even second", "xp_min": 230, "xp_max": 290, "progress": 1},
      "prism": {"emoji": "prism", "title": "Trigger a prism boost", "xp_min": 330, "xp_max": 370, "progress": 1},
      "finenice": {"emoji": "finecat", "title": "Catch a Fine and a Nice cat", "xp_min": 340, "xp_max": 400, "progress": 3}
    },
    "misc": {
      "slots": {"emoji": "🎰", "title": "Spin the /slots machine 10 times", "xp_min": 150, "xp_max": 250, "progress": 10},
      "slots2": {"emoji": "🎰", "title": "Spin the /slots machine 5 times", "xp_min": 150, "xp_max": 250, "progress": 5},
      "achievement": {"emoji": "cat_throphy", "title": "Get an achievement", "xp_min": 180, "xp_max": 260, "progress": 1},
      "trade": {"emoji": "💱", "title": "Complete a /trade", "xp_min": 180, "xp_max": 220, "progress": 1},
      "news": {"emoji": "📰", "title": "Read a /news article", "xp_min": 150, "xp_max": 210, "progress": 1},
      "gift": {"emoji": "🎁", "title": "/Gift someone", "xp_min": 180, "xp_max": 220, "progress": 1},
      "reminder": {"emoji": "📝", "title": "Set a /reminder", "xp_min": 190, "xp_max": 250, "progress": 1},
      "ttc": {"emoji": "⭕", "title": "Play a game of /tictactoe", "xp_min": 190, "xp_max": 250, "progress": 1},
      "rate": {"emoji": "👍", "title": "/Rate something", "xp_min": 160, "xp_max": 220, "progress": 1},
      "catball": {"emoji": "🎱", "title": "Ask the magic /8ball", "xp_min": 150, "xp_max": 250, "progress": 1},
      "ping": {"emoji": "🏓", "title": "Check cat's /ping", "xp_min": 160, "xp_max": 200, "progress": 1},
      "tiktok": {"emoji": "sillycat", "title": "Use /tiktok TTS", "xp_min": 170, "xp_max": 250, "progress": 1},
      "wiki": {"emoji": "🤓", "title": "Check out /wiki", "xp_min": 180, "xp_max": 220, "progress": 1}
    }
  }
}
